<?xml version="1.0" encoding="utf-8"?>
<ApplicationInstallerManifest>
   <DefaultInstallationDirectory>/Applications/NREL/CUPM/</DefaultInstallationDirectory>
   <ApplicationName>CUPM</ApplicationName>
   <ExecutableName>application/CUPM.exe</ExecutableName>
   <GUID>3585fdfc-cb46-4438-bcb3-0e17ff312d1c</GUID>
   <ApplicationIcon>default_icon_48.png</ApplicationIcon>
   <Logo>default_logo.png</Logo>
   <Version>1.0</Version>
   <AuthorOrganization>NREL</AuthorOrganization>
   <Summary>CUP model interface</Summary>
   <WelcomePanelText>CUPM 1.0
CUP model interface
Hoon Choi
hoon.choi@nrel.gov</WelcomePanelText>
   <MCRProducts>
      <MCRProduct>
         <ExternalProductIdentifier>35002</ExternalProductIdentifier>
      </MCRProduct>
      <MCRProduct>
         <ExternalProductIdentifier>35003</ExternalProductIdentifier>
      </MCRProduct>
      <MCRProduct>
         <ExternalProductIdentifier>35010</ExternalProductIdentifier>
      </MCRProduct>
      <MCRProduct>
         <ExternalProductIdentifier>35160</ExternalProductIdentifier>
      </MCRProduct>
   </MCRProducts>
</ApplicationInstallerManifest>